,url
0,https://wallhaven.cc/w/39y2pv
1,https://wallhaven.cc/w/73ov5v
2,https://wallhaven.cc/w/r258yw
3,https://wallhaven.cc/w/13wox9
4,https://wallhaven.cc/w/oxv7j7
5,https://wallhaven.cc/w/39ypy9
6,https://wallhaven.cc/w/ym3dog
7,https://wallhaven.cc/w/2ewjx9
8,https://wallhaven.cc/w/967vok
9,https://wallhaven.cc/w/vgvkvm
10,https://wallhaven.cc/w/j5qopq
11,https://wallhaven.cc/w/lmvlkl
12,https://wallhaven.cc/w/5wjop7
13,https://wallhaven.cc/w/wyvk96
14,https://wallhaven.cc/w/967y6k
15,https://wallhaven.cc/w/8361m2
16,https://wallhaven.cc/w/967pow
17,https://wallhaven.cc/w/73o7zv
18,https://wallhaven.cc/w/ym3prg
19,https://wallhaven.cc/w/73qgpy
20,https://wallhaven.cc/w/6kzqq6
21,https://wallhaven.cc/w/ym3org
22,https://wallhaven.cc/w/oxv8pm
23,https://wallhaven.cc/w/2ew2rx
24,https://wallhaven.cc/w/wyvxzr
25,https://wallhaven.cc/w/p8xorm
26,https://wallhaven.cc/w/96yzg8
27,https://wallhaven.cc/w/g8xlxd
28,https://wallhaven.cc/w/p8v1k9
29,https://wallhaven.cc/w/39ekl6
30,https://wallhaven.cc/w/mdvmym
31,https://wallhaven.cc/w/zm33xo
32,https://wallhaven.cc/w/p8v5om
33,https://wallhaven.cc/w/r25e1j
34,https://wallhaven.cc/w/836yl2
35,https://wallhaven.cc/w/oxv7rp
36,https://wallhaven.cc/w/kwv5e7
37,https://wallhaven.cc/w/zm3rxo
38,https://wallhaven.cc/w/73oqzy
39,https://wallhaven.cc/w/ym3oog
40,https://wallhaven.cc/w/mdvo58
41,https://wallhaven.cc/w/oxe597
42,https://wallhaven.cc/w/8366py
43,https://wallhaven.cc/w/xl3yzd
44,https://wallhaven.cc/w/zm3wqo
45,https://wallhaven.cc/w/dgmy8j
46,https://wallhaven.cc/w/967yld
47,https://wallhaven.cc/w/13wvw9
48,https://wallhaven.cc/w/r259vj
49,https://wallhaven.cc/w/eyp598
50,https://wallhaven.cc/w/zm36wg
51,https://wallhaven.cc/w/r25mm7
52,https://wallhaven.cc/w/eypl5k
53,https://wallhaven.cc/w/q6v8z5
54,https://wallhaven.cc/w/j5qgqw
55,https://wallhaven.cc/w/73od6v
56,https://wallhaven.cc/w/r25wzq
57,https://wallhaven.cc/w/13w6z9
58,https://wallhaven.cc/w/oxvqzp
59,https://wallhaven.cc/w/13wol3
60,https://wallhaven.cc/w/13mqr1
61,https://wallhaven.cc/w/96y2ox
62,https://wallhaven.cc/w/eyp1pl
63,https://wallhaven.cc/w/kwvy91
64,https://wallhaven.cc/w/j5qlky
65,https://wallhaven.cc/w/oxv7l7
66,https://wallhaven.cc/w/39yjm6
67,https://wallhaven.cc/w/39yey3
68,https://wallhaven.cc/w/96y5ww
69,https://wallhaven.cc/w/j5q7yw
70,https://wallhaven.cc/w/r25x6m
71,https://wallhaven.cc/w/j5qzjy
72,https://wallhaven.cc/w/ey1x18
73,https://wallhaven.cc/w/q6v525
74,https://wallhaven.cc/w/mdv76m
75,https://wallhaven.cc/w/xl3kwv
76,https://wallhaven.cc/w/dgqpjj
77,https://wallhaven.cc/w/967wzw
78,https://wallhaven.cc/w/q6vp25
79,https://wallhaven.cc/w/ym3rpk
80,https://wallhaven.cc/w/q6vkrl
81,https://wallhaven.cc/w/xl3r8l
82,https://wallhaven.cc/w/831xv1
83,https://wallhaven.cc/w/j5qljp
84,https://wallhaven.cc/w/13wekg
85,https://wallhaven.cc/w/zm3vko
86,https://wallhaven.cc/w/39ygg3
87,https://wallhaven.cc/w/mdvmek
88,https://wallhaven.cc/w/eypv1k
89,https://wallhaven.cc/w/73ov8v
90,https://wallhaven.cc/w/wyv9qx
91,https://wallhaven.cc/w/zm37yo
92,https://wallhaven.cc/w/wyv2w7
93,https://wallhaven.cc/w/q68djr
94,https://wallhaven.cc/w/831xjk
95,https://wallhaven.cc/w/ym333g
96,https://wallhaven.cc/w/836mpy
97,https://wallhaven.cc/w/xl3m6z
98,https://wallhaven.cc/w/6kg7ol
99,https://wallhaven.cc/w/dgmj9o
100,https://wallhaven.cc/w/zm3v6y
101,https://wallhaven.cc/w/wyrypq
102,https://wallhaven.cc/w/13wv71
103,https://wallhaven.cc/w/73o7ee
104,https://wallhaven.cc/w/13mk9v
105,https://wallhaven.cc/w/967emw
106,https://wallhaven.cc/w/g8xvkl
107,https://wallhaven.cc/w/967gqk
108,https://wallhaven.cc/w/831o6k
109,https://wallhaven.cc/w/j5qodw
110,https://wallhaven.cc/w/xl32ko
111,https://wallhaven.cc/w/dgmrrg
112,https://wallhaven.cc/w/dgmzkj
113,https://wallhaven.cc/w/lmvvlp
114,https://wallhaven.cc/w/r25mrj
115,https://wallhaven.cc/w/39eqx9
116,https://wallhaven.cc/w/ymr81x
117,https://wallhaven.cc/w/wyvrj6
118,https://wallhaven.cc/w/r25e5q
119,https://wallhaven.cc/w/mdv5oy
120,https://wallhaven.cc/w/dgmlwm
121,https://wallhaven.cc/w/p8xk6m
122,https://wallhaven.cc/w/oxvkql
123,https://wallhaven.cc/w/zm3epo
124,https://wallhaven.cc/w/13w983
125,https://wallhaven.cc/w/39y7vy
126,https://wallhaven.cc/w/73qpgo
127,https://wallhaven.cc/w/zmryro
128,https://wallhaven.cc/w/eypj8o
129,https://wallhaven.cc/w/2e5emg
130,https://wallhaven.cc/w/p8vmd3
131,https://wallhaven.cc/w/dgmqqg
132,https://wallhaven.cc/w/5wjex5
133,https://wallhaven.cc/w/mdmp38
134,https://wallhaven.cc/w/xl219z
135,https://wallhaven.cc/w/967y7x
136,https://wallhaven.cc/w/kwvv9d
137,https://wallhaven.cc/w/eypqo8
138,https://wallhaven.cc/w/mdm99k
139,https://wallhaven.cc/w/kwv6q7
140,https://wallhaven.cc/w/vgvrq8
141,https://wallhaven.cc/w/p8v17m
142,https://wallhaven.cc/w/lmvrwy
143,https://wallhaven.cc/w/5wj9w8
144,https://wallhaven.cc/w/6kggjq
145,https://wallhaven.cc/w/mdv5gy
146,https://wallhaven.cc/w/lmvemr
147,https://wallhaven.cc/w/39ypj3
148,https://wallhaven.cc/w/g8xrv7
149,https://wallhaven.cc/w/2ew6zg
150,https://wallhaven.cc/w/39yvky
151,https://wallhaven.cc/w/p8vpvp
152,https://wallhaven.cc/w/2ewqjg
153,https://wallhaven.cc/w/96ydvw
154,https://wallhaven.cc/w/g8xxz3
155,https://wallhaven.cc/w/mdvowm
156,https://wallhaven.cc/w/836yj1
157,https://wallhaven.cc/w/oxvrjl
158,https://wallhaven.cc/w/eypr9r
159,https://wallhaven.cc/w/8361v2
160,https://wallhaven.cc/w/mdvyx9
161,https://wallhaven.cc/w/j5o8xq
162,https://wallhaven.cc/w/39y1qv
163,https://wallhaven.cc/w/wyv2yx
164,https://wallhaven.cc/w/73oq7v
165,https://wallhaven.cc/w/mdm9dk
166,https://wallhaven.cc/w/wyvk76
167,https://wallhaven.cc/w/ym3rkg
168,https://wallhaven.cc/w/5wjjl9
169,https://wallhaven.cc/w/73oqee
170,https://wallhaven.cc/w/g8xgj3
171,https://wallhaven.cc/w/wyvjkq
172,https://wallhaven.cc/w/eyplmk
173,https://wallhaven.cc/w/zmrq3y
174,https://wallhaven.cc/w/mdvvd1
175,https://wallhaven.cc/w/j5qogp
176,https://wallhaven.cc/w/r25wym
177,https://wallhaven.cc/w/dgmm8j
178,https://wallhaven.cc/w/r2zdoj
179,https://wallhaven.cc/w/vgvl85
180,https://wallhaven.cc/w/p8v5kj
181,https://wallhaven.cc/w/ym3l9x
182,https://wallhaven.cc/w/ym3o2x
183,https://wallhaven.cc/w/q6vq57
184,https://wallhaven.cc/w/r25kjw
185,https://wallhaven.cc/w/oxv77m
186,https://wallhaven.cc/w/xl3kvz
187,https://wallhaven.cc/w/lmv1ml
188,https://wallhaven.cc/w/ymrjxk
189,https://wallhaven.cc/w/kwvjxq
190,https://wallhaven.cc/w/2ewxgx
191,https://wallhaven.cc/w/r25zz7
192,https://wallhaven.cc/w/836612
193,https://wallhaven.cc/w/xl3kqz
194,https://wallhaven.cc/w/zm3wjw
195,https://wallhaven.cc/w/5w8d58
196,https://wallhaven.cc/w/ym3ook
197,https://wallhaven.cc/w/g8xe1q
198,https://wallhaven.cc/w/eyp57o
199,https://wallhaven.cc/w/g8lw8d
200,https://wallhaven.cc/w/73omov
201,https://wallhaven.cc/w/q6vvo7
202,https://wallhaven.cc/w/zm3vey
203,https://wallhaven.cc/w/g8xkel
204,https://wallhaven.cc/w/q6vemq
205,https://wallhaven.cc/w/p8vdgm
206,https://wallhaven.cc/w/kwvv86
207,https://wallhaven.cc/w/6kgzkq
208,https://wallhaven.cc/w/967v38
209,https://wallhaven.cc/w/j5qqjq
210,https://wallhaven.cc/w/73oore
211,https://wallhaven.cc/w/dgmvxj
212,https://wallhaven.cc/w/dgmzy3
213,https://wallhaven.cc/w/kwvg6m
214,https://wallhaven.cc/w/2ewjm6
215,https://wallhaven.cc/w/lm7q8r
216,https://wallhaven.cc/w/g8xggd
217,https://wallhaven.cc/w/xl21el
218,https://wallhaven.cc/w/lmvd5l
219,https://wallhaven.cc/w/6kzdd6
220,https://wallhaven.cc/w/oxvmw7
221,https://wallhaven.cc/w/mdv7oy
222,https://wallhaven.cc/w/eypvmo
223,https://wallhaven.cc/w/73ovdy
224,https://wallhaven.cc/w/lmvgxp
225,https://wallhaven.cc/w/g8xx2q
226,https://wallhaven.cc/w/j5o3kp
227,https://wallhaven.cc/w/5wjxj7
228,https://wallhaven.cc/w/73o5ko
229,https://wallhaven.cc/w/g8l73q
230,https://wallhaven.cc/w/xl2lvo
231,https://wallhaven.cc/w/ymrewl
232,https://wallhaven.cc/w/p8vz7m
233,https://wallhaven.cc/w/j5qd2m
234,https://wallhaven.cc/w/vgrm7p
235,https://wallhaven.cc/w/kwvrq1
236,https://wallhaven.cc/w/q6voqr
237,https://wallhaven.cc/w/eypv7w
238,https://wallhaven.cc/w/r25mp1
239,https://wallhaven.cc/w/vgv1j5
240,https://wallhaven.cc/w/kwv5rm
241,https://wallhaven.cc/w/5wj818
242,https://wallhaven.cc/w/2ew2mx
243,https://wallhaven.cc/w/p8v1mm
244,https://wallhaven.cc/w/5wjv18
245,https://wallhaven.cc/w/ym3wlk
246,https://wallhaven.cc/w/r25zd1
247,https://wallhaven.cc/w/vgv2zm
248,https://wallhaven.cc/w/q6v5wl
249,https://wallhaven.cc/w/ymrm8k
250,https://wallhaven.cc/w/39e3k9
251,https://wallhaven.cc/w/zm39lo
252,https://wallhaven.cc/w/vgv315
253,https://wallhaven.cc/w/zm3exy
254,https://wallhaven.cc/w/eyppjo
255,https://wallhaven.cc/w/ym3llk
256,https://wallhaven.cc/w/wyrqg7
257,https://wallhaven.cc/w/dgq58o
258,https://wallhaven.cc/w/j5ow5y
259,https://wallhaven.cc/w/xl3kml
260,https://wallhaven.cc/w/q6vq87
261,https://wallhaven.cc/w/q6v5o7
262,https://wallhaven.cc/w/836ykj
263,https://wallhaven.cc/w/oxv8y5
264,https://wallhaven.cc/w/r25557
265,https://wallhaven.cc/w/9677ow
266,https://wallhaven.cc/w/g8xkvd
267,https://wallhaven.cc/w/p8vrep
268,https://wallhaven.cc/w/oxvwvm
269,https://wallhaven.cc/w/mdvook
270,https://wallhaven.cc/w/13wo7g
271,https://wallhaven.cc/w/2ewx8x
272,https://wallhaven.cc/w/96ymzd
273,https://wallhaven.cc/w/zm3reg
274,https://wallhaven.cc/w/eypvj8
275,https://wallhaven.cc/w/39y7y6
276,https://wallhaven.cc/w/mdv6z1
277,https://wallhaven.cc/w/967pld
278,https://wallhaven.cc/w/967kd1
279,https://wallhaven.cc/w/j5qrjq
280,https://wallhaven.cc/w/p8x22e
281,https://wallhaven.cc/w/r255q1
282,https://wallhaven.cc/w/zm321o
283,https://wallhaven.cc/w/13w573
284,https://wallhaven.cc/w/j5ql6m
285,https://wallhaven.cc/w/wyvve7
286,https://wallhaven.cc/w/831gl1
287,https://wallhaven.cc/w/j5qpxm
288,https://wallhaven.cc/w/13mklg
289,https://wallhaven.cc/w/kw67rd
290,https://wallhaven.cc/w/wyv926
291,https://wallhaven.cc/w/mdmqo1
292,https://wallhaven.cc/w/13w799
293,https://wallhaven.cc/w/r25zlq
294,https://wallhaven.cc/w/6kge27
295,https://wallhaven.cc/w/g8xl33
296,https://wallhaven.cc/w/p8vr1m
297,https://wallhaven.cc/w/r25k7q
298,https://wallhaven.cc/w/kw61l7
299,https://wallhaven.cc/w/vgv3j3
300,https://wallhaven.cc/w/xl3gwo
301,https://wallhaven.cc/w/13wm1w
302,https://wallhaven.cc/w/6kg7lw
303,https://wallhaven.cc/w/kwvdod
304,https://wallhaven.cc/w/xl3rvv
305,https://wallhaven.cc/w/831o9o
306,https://wallhaven.cc/w/kwvqem
307,https://wallhaven.cc/w/eypmoo
308,https://wallhaven.cc/w/6kgzz6
309,https://wallhaven.cc/w/dgmd1m
310,https://wallhaven.cc/w/wyror7
311,https://wallhaven.cc/w/dgm1x3
312,https://wallhaven.cc/w/6kg8yl
313,https://wallhaven.cc/w/oxvp9p
314,https://wallhaven.cc/w/zm33yv
315,https://wallhaven.cc/w/ym3kzd
316,https://wallhaven.cc/w/13wlv1
317,https://wallhaven.cc/w/96y6dd
318,https://wallhaven.cc/w/dgq5mj
319,https://wallhaven.cc/w/q689ol
320,https://wallhaven.cc/w/dgmqgm
321,https://wallhaven.cc/w/j5qrzp
322,https://wallhaven.cc/w/83612o
323,https://wallhaven.cc/w/kwvr96
324,https://wallhaven.cc/w/j5qlrq
325,https://wallhaven.cc/w/39yj69
326,https://wallhaven.cc/w/q6vpxr
327,https://wallhaven.cc/w/39y8zv
328,https://wallhaven.cc/w/p8vx89
329,https://wallhaven.cc/w/831xgo
330,https://wallhaven.cc/w/xl33ld
331,https://wallhaven.cc/w/j5qjoy
332,https://wallhaven.cc/w/g8lpg7
333,https://wallhaven.cc/w/39e919
334,https://wallhaven.cc/w/zmrmej
335,https://wallhaven.cc/w/5w8717
336,https://wallhaven.cc/w/lmvxxr
337,https://wallhaven.cc/w/q682gr
338,https://wallhaven.cc/w/xl3o6z
339,https://wallhaven.cc/w/g8l7rq
340,https://wallhaven.cc/w/q689jr
341,https://wallhaven.cc/w/dgqg63
342,https://wallhaven.cc/w/q68ror
343,https://wallhaven.cc/w/vgv6pl
344,https://wallhaven.cc/w/p8vx5p
345,https://wallhaven.cc/w/5w8gd5
346,https://wallhaven.cc/w/q6821q
347,https://wallhaven.cc/w/eyp18w
348,https://wallhaven.cc/w/oxvrm7
349,https://wallhaven.cc/w/96ymj1
350,https://wallhaven.cc/w/j5qj5m
351,https://wallhaven.cc/w/6kgv2q
352,https://wallhaven.cc/w/5w8dj1
353,https://wallhaven.cc/w/wyvjpx
354,https://wallhaven.cc/w/g8l7m3
355,https://wallhaven.cc/w/q682jd
356,https://wallhaven.cc/w/r2zq6j
357,https://wallhaven.cc/w/9677j8
358,https://wallhaven.cc/w/ymr8gl
359,https://wallhaven.cc/w/j5qgd5
360,https://wallhaven.cc/w/836pk1
361,https://wallhaven.cc/w/p8vmkj
362,https://wallhaven.cc/w/lmvggr
363,https://wallhaven.cc/w/ym3yyk
364,https://wallhaven.cc/w/ey1ozk
365,https://wallhaven.cc/w/g8ljd3
366,https://wallhaven.cc/w/mdvv31
367,https://wallhaven.cc/w/mdmppk
368,https://wallhaven.cc/w/vgrp3l
369,https://wallhaven.cc/w/q6vqe7
370,https://wallhaven.cc/w/p8x81m
371,https://wallhaven.cc/w/wyv25x
372,https://wallhaven.cc/w/oxeg37
373,https://wallhaven.cc/w/xl3x3d
374,https://wallhaven.cc/w/wyr8lx
375,https://wallhaven.cc/w/eypr7w
376,https://wallhaven.cc/w/39y15d
377,https://wallhaven.cc/w/lmvv5l
378,https://wallhaven.cc/w/p8xky3
379,https://wallhaven.cc/w/kwvv76
380,https://wallhaven.cc/w/j5owg5
381,https://wallhaven.cc/w/6kg6kq
382,https://wallhaven.cc/w/mdvm78
383,https://wallhaven.cc/w/kwvow1
384,https://wallhaven.cc/w/zm313v
385,https://wallhaven.cc/w/eyp13w
386,https://wallhaven.cc/w/dgmj13
387,https://wallhaven.cc/w/ym33ok
388,https://wallhaven.cc/w/eypvel
389,https://wallhaven.cc/w/dgm96o
390,https://wallhaven.cc/w/lm7qe2
391,https://wallhaven.cc/w/5wj9j7
392,https://wallhaven.cc/w/oxvwgl
393,https://wallhaven.cc/w/mdm9w8
394,https://wallhaven.cc/w/ey178k
395,https://wallhaven.cc/w/p8vqre
396,https://wallhaven.cc/w/96ymdd
397,https://wallhaven.cc/w/6kgrr6
398,https://wallhaven.cc/w/oxvmmm
399,https://wallhaven.cc/w/j5qqqy
400,https://wallhaven.cc/w/q6v5d5
401,https://wallhaven.cc/w/r25wd1
402,https://wallhaven.cc/w/oxvr65
403,https://wallhaven.cc/w/kwvql6
404,https://wallhaven.cc/w/13m3r1
405,https://wallhaven.cc/w/vgvkol
406,https://wallhaven.cc/w/96ydmx
407,https://wallhaven.cc/w/eypmx8
408,https://wallhaven.cc/w/j5qz8p
409,https://wallhaven.cc/w/g8lw67
410,https://wallhaven.cc/w/ym3dyk
411,https://wallhaven.cc/w/wyvkvq
412,https://wallhaven.cc/w/q6vkzl
413,https://wallhaven.cc/w/ym3kkk
414,https://wallhaven.cc/w/xl3xwd
415,https://wallhaven.cc/w/zm3ryv
416,https://wallhaven.cc/w/g8l9ml
417,https://wallhaven.cc/w/2ewwgx
418,https://wallhaven.cc/w/oxv7em
419,https://wallhaven.cc/w/oxvzl9
420,https://wallhaven.cc/w/2ewre6
421,https://wallhaven.cc/w/xl3qqv
422,https://wallhaven.cc/w/2ewvk6
423,https://wallhaven.cc/w/ey17jr
424,https://wallhaven.cc/w/vgrypp
425,https://wallhaven.cc/w/ym39ol
426,https://wallhaven.cc/w/39yxyd
427,https://wallhaven.cc/w/wyvgm7
428,https://wallhaven.cc/w/lmvr2y
429,https://wallhaven.cc/w/eyp2k8
430,https://wallhaven.cc/w/j5oe3y
431,https://wallhaven.cc/w/mdm33k
432,https://wallhaven.cc/w/xl213d
433,https://wallhaven.cc/w/ym3rpl
434,https://wallhaven.cc/w/xl3mk3
435,https://wallhaven.cc/w/xl3m7d
436,https://wallhaven.cc/w/p8v5mp
437,https://wallhaven.cc/w/xl3oxl
438,https://wallhaven.cc/w/eypk98
439,https://wallhaven.cc/w/73qj59
440,https://wallhaven.cc/w/p8x8qp
441,https://wallhaven.cc/w/5wj6q3
442,https://wallhaven.cc/w/wyr197
443,https://wallhaven.cc/w/mdvkq8
444,https://wallhaven.cc/w/lmvx6r
445,https://wallhaven.cc/w/q6ve87
446,https://wallhaven.cc/w/836zqy
447,https://wallhaven.cc/w/dgmymg
448,https://wallhaven.cc/w/r2z2x1
449,https://wallhaven.cc/w/2ewvjg
450,https://wallhaven.cc/w/g8xvye
451,https://wallhaven.cc/w/6kgexq
452,https://wallhaven.cc/w/g8x1ke
453,https://wallhaven.cc/w/zm3lvv
454,https://wallhaven.cc/w/q6vvdl
455,https://wallhaven.cc/w/ym3lyl
456,https://wallhaven.cc/w/73q1ly
457,https://wallhaven.cc/w/mdmzk1
458,https://wallhaven.cc/w/r25v2q
459,https://wallhaven.cc/w/73qgx9
460,https://wallhaven.cc/w/p8v539
461,https://wallhaven.cc/w/ym3yjk
462,https://wallhaven.cc/w/zm332w
463,https://wallhaven.cc/w/dgmqel
464,https://wallhaven.cc/w/mdml51
465,https://wallhaven.cc/w/zm3rpv
466,https://wallhaven.cc/w/mdv55k
467,https://wallhaven.cc/w/zm31kw
468,https://wallhaven.cc/w/6kggz6
469,https://wallhaven.cc/w/967l68
470,https://wallhaven.cc/w/ym3owg
471,https://wallhaven.cc/w/lmvgll
472,https://wallhaven.cc/w/ym3owx
473,https://wallhaven.cc/w/ymrjxl
474,https://wallhaven.cc/w/lmv7ql
475,https://wallhaven.cc/w/p8x2qp
476,https://wallhaven.cc/w/oxvqom
477,https://wallhaven.cc/w/oxvmv7
478,https://wallhaven.cc/w/kwvo91
479,https://wallhaven.cc/w/836ywy
480,https://wallhaven.cc/w/6kg9kx
481,https://wallhaven.cc/w/j5qqzp
482,https://wallhaven.cc/w/j5qmep
483,https://wallhaven.cc/w/oxvpxp
484,https://wallhaven.cc/w/p8vdyj
485,https://wallhaven.cc/w/j5qryy
486,https://wallhaven.cc/w/q6v155
487,https://wallhaven.cc/w/73od7e
488,https://wallhaven.cc/w/13w711
489,https://wallhaven.cc/w/oxvvqp
490,https://wallhaven.cc/w/r2z7v7
491,https://wallhaven.cc/w/836ymy
492,https://wallhaven.cc/w/5wjjv3
493,https://wallhaven.cc/w/xl2zqd
494,https://wallhaven.cc/w/zmrpxw
495,https://wallhaven.cc/w/j5qg1m
496,https://wallhaven.cc/w/13mj5v
497,https://wallhaven.cc/w/r25zom
498,https://wallhaven.cc/w/r258o1
499,https://wallhaven.cc/w/p8vvd3
500,https://wallhaven.cc/w/j5o1xy
501,https://wallhaven.cc/w/kwvmw7
502,https://wallhaven.cc/w/13m3ew
503,https://wallhaven.cc/w/ym3rzl
504,https://wallhaven.cc/w/2ewqm9
505,https://wallhaven.cc/w/mdv7l9
506,https://wallhaven.cc/w/vgvj3m
507,https://wallhaven.cc/w/wyr8dr
508,https://wallhaven.cc/w/39yyzd
509,https://wallhaven.cc/w/vgv12m
510,https://wallhaven.cc/w/lm73q2
511,https://wallhaven.cc/w/73q2ye
512,https://wallhaven.cc/w/73ovyy
513,https://wallhaven.cc/w/967lg1
514,https://wallhaven.cc/w/13mp89
515,https://wallhaven.cc/w/39y786
516,https://wallhaven.cc/w/13wve9
517,https://wallhaven.cc/w/6kg8lq
518,https://wallhaven.cc/w/r2z237
519,https://wallhaven.cc/w/wyv3o7
520,https://wallhaven.cc/w/zm3rdj
521,https://wallhaven.cc/w/13wyv3
522,https://wallhaven.cc/w/73q36v
523,https://wallhaven.cc/w/q6vwdd
524,https://wallhaven.cc/w/39yd9y
525,https://wallhaven.cc/w/zmryqg
526,https://wallhaven.cc/w/2ewxwy
527,https://wallhaven.cc/w/kwvyx1
528,https://wallhaven.cc/w/kw6xpq
529,https://wallhaven.cc/w/zmrxwj
530,https://wallhaven.cc/w/oxedrl
531,https://wallhaven.cc/w/vgv2l3
532,https://wallhaven.cc/w/zm37mo
533,https://wallhaven.cc/w/dgqpp3
534,https://wallhaven.cc/w/39yvlv
535,https://wallhaven.cc/w/dgm2xm
536,https://wallhaven.cc/w/2ew2v6
537,https://wallhaven.cc/w/ym3dlx
538,https://wallhaven.cc/w/xl21qo
539,https://wallhaven.cc/w/lm785y
540,https://wallhaven.cc/w/q6v8p7
541,https://wallhaven.cc/w/39e393
542,https://wallhaven.cc/w/r2zd77
543,https://wallhaven.cc/w/6kg1ml
544,https://wallhaven.cc/w/39y8ov
545,https://wallhaven.cc/w/73oddv
546,https://wallhaven.cc/w/73omro
547,https://wallhaven.cc/w/mdvr89
548,https://wallhaven.cc/w/lmveyp
549,https://wallhaven.cc/w/xl3vdd
550,https://wallhaven.cc/w/p8vrzm
551,https://wallhaven.cc/w/ym318l
552,https://wallhaven.cc/w/96yor8
553,https://wallhaven.cc/w/6kg15l
554,https://wallhaven.cc/w/967lpx
555,https://wallhaven.cc/w/lmv6gy
556,https://wallhaven.cc/w/73okoo
557,https://wallhaven.cc/w/dgm7go
558,https://wallhaven.cc/w/zm33dw
559,https://wallhaven.cc/w/j5q27y
560,https://wallhaven.cc/w/xl28lv
561,https://wallhaven.cc/w/5w8769
562,https://wallhaven.cc/w/73o5oe
563,https://wallhaven.cc/w/2ewjem
564,https://wallhaven.cc/w/39yexy
565,https://wallhaven.cc/w/j5qre5
566,https://wallhaven.cc/w/13wv53
567,https://wallhaven.cc/w/39y759
568,https://wallhaven.cc/w/oxed79
569,https://wallhaven.cc/w/mdmzg8
570,https://wallhaven.cc/w/r25117
571,https://wallhaven.cc/w/831xzy
572,https://wallhaven.cc/w/5wjvg9
573,https://wallhaven.cc/w/q68zd7
574,https://wallhaven.cc/w/6kg69x
575,https://wallhaven.cc/w/p8x3ep
576,https://wallhaven.cc/w/5wj8k7
577,https://wallhaven.cc/w/5w8d15
578,https://wallhaven.cc/w/mdmdr9
579,https://wallhaven.cc/w/5wjpk7
580,https://wallhaven.cc/w/wyromr
581,https://wallhaven.cc/w/g8ljyq
582,https://wallhaven.cc/w/vgv66p
583,https://wallhaven.cc/w/r25kvq
584,https://wallhaven.cc/w/g8lqy7
585,https://wallhaven.cc/w/j5q77y
586,https://wallhaven.cc/w/ymrq5k
587,https://wallhaven.cc/w/kwvy6q
588,https://wallhaven.cc/w/oxvkgp
589,https://wallhaven.cc/w/eyp1vl
590,https://wallhaven.cc/w/r25k2j
591,https://wallhaven.cc/w/5wjey9
592,https://wallhaven.cc/w/xl39ol
593,https://wallhaven.cc/w/83687j
594,https://wallhaven.cc/w/ym3ygd
595,https://wallhaven.cc/w/836lqy
596,https://wallhaven.cc/w/oxvvj7
597,https://wallhaven.cc/w/967yex
598,https://wallhaven.cc/w/kw6x9m
599,https://wallhaven.cc/w/p8vdwj
600,https://wallhaven.cc/w/r255e7
601,https://wallhaven.cc/w/6kg116
602,https://wallhaven.cc/w/eypmww
603,https://wallhaven.cc/w/oxvz75
604,https://wallhaven.cc/w/q68z3d
605,https://wallhaven.cc/w/lm7mxy
606,https://wallhaven.cc/w/13wwz1
607,https://wallhaven.cc/w/836812
608,https://wallhaven.cc/w/lmvvql
609,https://wallhaven.cc/w/96y6q1
610,https://wallhaven.cc/w/lm7ql2
611,https://wallhaven.cc/w/73qg2y
612,https://wallhaven.cc/w/831x8k
613,https://wallhaven.cc/w/2ew659
614,https://wallhaven.cc/w/xl2e5o
615,https://wallhaven.cc/w/lmv53p
616,https://wallhaven.cc/w/8366xk
617,https://wallhaven.cc/w/p8v563
618,https://wallhaven.cc/w/r2z78m
619,https://wallhaven.cc/w/9673ew
620,https://wallhaven.cc/w/q689qq
621,https://wallhaven.cc/w/967j2k
622,https://wallhaven.cc/w/9677pd
623,https://wallhaven.cc/w/g8xlvd
624,https://wallhaven.cc/w/39ygj6
625,https://wallhaven.cc/w/j5qgxm
626,https://wallhaven.cc/w/r259j1
627,https://wallhaven.cc/w/r2z72q
628,https://wallhaven.cc/w/mdvrom
629,https://wallhaven.cc/w/j5qozp
630,https://wallhaven.cc/w/j5o1qp
631,https://wallhaven.cc/w/73o75v
632,https://wallhaven.cc/w/kw635q
633,https://wallhaven.cc/w/dgmjej
634,https://wallhaven.cc/w/kw61mq
635,https://wallhaven.cc/w/wyrq16
636,https://wallhaven.cc/w/836vrj
637,https://wallhaven.cc/w/j5qqvw
638,https://wallhaven.cc/w/zmrgvv
639,https://wallhaven.cc/w/39yg63
640,https://wallhaven.cc/w/g8lq5l
641,https://wallhaven.cc/w/j5qmy5
642,https://wallhaven.cc/w/r25wmj
643,https://wallhaven.cc/w/oxe975
644,https://wallhaven.cc/w/13wm71
645,https://wallhaven.cc/w/6kggmw
646,https://wallhaven.cc/w/eypdkl
647,https://wallhaven.cc/w/ymr7dg
648,https://wallhaven.cc/w/p8vxym
649,https://wallhaven.cc/w/mdvv91
650,https://wallhaven.cc/w/6kzkv7
651,https://wallhaven.cc/w/5w8yx1
652,https://wallhaven.cc/w/p8vq7j
653,https://wallhaven.cc/w/eypgll
654,https://wallhaven.cc/w/dgm2y3
655,https://wallhaven.cc/w/6kg1qq
656,https://wallhaven.cc/w/831gvj
657,https://wallhaven.cc/w/vgrov3
658,https://wallhaven.cc/w/vgv7v8
659,https://wallhaven.cc/w/p8xlv9
660,https://wallhaven.cc/w/mdml8y
661,https://wallhaven.cc/w/73qg7e
662,https://wallhaven.cc/w/39e9yd
663,https://wallhaven.cc/w/lm7mly
664,https://wallhaven.cc/w/6kg776
665,https://wallhaven.cc/w/2ewr86
666,https://wallhaven.cc/w/5w8y75
667,https://wallhaven.cc/w/wyreoq
668,https://wallhaven.cc/w/13wwqw
669,https://wallhaven.cc/w/5wj3x9
670,https://wallhaven.cc/w/p8vz99
671,https://wallhaven.cc/w/eypqwr
672,https://wallhaven.cc/w/oxv767
673,https://wallhaven.cc/w/967v6k
674,https://wallhaven.cc/w/j5qzoy
675,https://wallhaven.cc/w/q68617
676,https://wallhaven.cc/w/j5owvq
677,https://wallhaven.cc/w/ym332x
678,https://wallhaven.cc/w/2ewqvy
679,https://wallhaven.cc/w/wyrqvr
680,https://wallhaven.cc/w/13mqlg
681,https://wallhaven.cc/w/vgvej3
682,https://wallhaven.cc/w/p8x3y9
683,https://wallhaven.cc/w/mdvre8
684,https://wallhaven.cc/w/lmv69p
685,https://wallhaven.cc/w/73odjy
686,https://wallhaven.cc/w/967jxd
687,https://wallhaven.cc/w/13m1yg
688,https://wallhaven.cc/w/mdv7xk
689,https://wallhaven.cc/w/836pzo
690,https://wallhaven.cc/w/p8xwye
691,https://wallhaven.cc/w/6kgrgw
692,https://wallhaven.cc/w/xl3q8l
693,https://wallhaven.cc/w/oxe98l
694,https://wallhaven.cc/w/wyr1pp
695,https://wallhaven.cc/w/6kg8zw
696,https://wallhaven.cc/w/p8xwm3
697,https://wallhaven.cc/w/xl33ml
698,https://wallhaven.cc/w/lmvvvr
699,https://wallhaven.cc/w/lmv7xr
700,https://wallhaven.cc/w/q6v5l7
701,https://wallhaven.cc/w/39y8qd
702,https://wallhaven.cc/w/oxede5
703,https://wallhaven.cc/w/vgryy5
704,https://wallhaven.cc/w/vgrojl
705,https://wallhaven.cc/w/kw6kr1
706,https://wallhaven.cc/w/lm79oy
707,https://wallhaven.cc/w/xl2l6v
708,https://wallhaven.cc/w/96y29d
709,https://wallhaven.cc/w/p8xl73
710,https://wallhaven.cc/w/g8l82e
711,https://wallhaven.cc/w/wyr89p
712,https://wallhaven.cc/w/eyppyw
713,https://wallhaven.cc/w/lmvdel
714,https://wallhaven.cc/w/dgml3m
715,https://wallhaven.cc/w/j5o9my
716,https://wallhaven.cc/w/j5q6o5
717,https://wallhaven.cc/w/vgvwp3
718,https://wallhaven.cc/w/13wv81
719,https://wallhaven.cc/w/oxvpvl
720,https://wallhaven.cc/w/kw6wrd
721,https://wallhaven.cc/w/6kzj87
722,https://wallhaven.cc/w/13m3og
723,https://wallhaven.cc/w/39yxrv
724,https://wallhaven.cc/w/13m8lw
725,https://wallhaven.cc/w/6kg8gw
726,https://wallhaven.cc/w/zm36kg
727,https://wallhaven.cc/w/dgqgg3
728,https://wallhaven.cc/w/13w9j3
729,https://wallhaven.cc/w/oxe1q9
730,https://wallhaven.cc/w/ym3w3k
731,https://wallhaven.cc/w/lm7q8p
732,https://wallhaven.cc/w/g8xeld
733,https://wallhaven.cc/w/kw63v6
734,https://wallhaven.cc/w/2e5k6x
735,https://wallhaven.cc/w/ym3rq7
736,https://wallhaven.cc/w/mdvo1y
737,https://wallhaven.cc/w/kw6wpm
738,https://wallhaven.cc/w/mdvrx9
739,https://wallhaven.cc/w/6kg996
740,https://wallhaven.cc/w/r2z2z1
741,https://wallhaven.cc/w/lmvozq
742,https://wallhaven.cc/w/6kgzml
743,https://wallhaven.cc/w/5wj6p5
744,https://wallhaven.cc/w/ym3r9g
745,https://wallhaven.cc/w/r2z277
746,https://wallhaven.cc/w/39yj5d
747,https://wallhaven.cc/w/q6vw6d
748,https://wallhaven.cc/w/5wjp29
749,https://wallhaven.cc/w/6kgvel
750,https://wallhaven.cc/w/oxe33m
751,https://wallhaven.cc/w/mdmdg9
752,https://wallhaven.cc/w/mdmqm1
753,https://wallhaven.cc/w/j5qzy5
754,https://wallhaven.cc/w/ey1z8o
755,https://wallhaven.cc/w/zm3wov
756,https://wallhaven.cc/w/zmrzkv
757,https://wallhaven.cc/w/39el1d
758,https://wallhaven.cc/w/r2598q
759,https://wallhaven.cc/w/r2zrew
760,https://wallhaven.cc/w/39ym5v
761,https://wallhaven.cc/w/5w8773
762,https://wallhaven.cc/w/2ewmyx
763,https://wallhaven.cc/w/6kg7w7
764,https://wallhaven.cc/w/2ewxog
765,https://wallhaven.cc/w/73qgdo
766,https://wallhaven.cc/w/13mjog
767,https://wallhaven.cc/w/g8xr8e
768,https://wallhaven.cc/w/q682d7
769,https://wallhaven.cc/w/oxeyzl
770,https://wallhaven.cc/w/6kg97l
771,https://wallhaven.cc/w/lm7w9y
772,https://wallhaven.cc/w/lmvrlp
773,https://wallhaven.cc/w/mdm1zk
774,https://wallhaven.cc/w/13w9dg
775,https://wallhaven.cc/w/73q6l3
776,https://wallhaven.cc/w/6kgr9x
777,https://wallhaven.cc/w/13md39
778,https://wallhaven.cc/w/lm793p
779,https://wallhaven.cc/w/ym3prx
780,https://wallhaven.cc/w/wyry3r
781,https://wallhaven.cc/w/wyv9rp
782,https://wallhaven.cc/w/ym335x
783,https://wallhaven.cc/w/967w1d
784,https://wallhaven.cc/w/96yddd
785,https://wallhaven.cc/w/967l2w
786,https://wallhaven.cc/w/73q38e
787,https://wallhaven.cc/w/xl32rl
788,https://wallhaven.cc/w/p8vmwm
789,https://wallhaven.cc/w/ey1xwo
790,https://wallhaven.cc/w/q6vypq
791,https://wallhaven.cc/w/2e5ke9
792,https://wallhaven.cc/w/ey185w
793,https://wallhaven.cc/w/oxegv9
794,https://wallhaven.cc/w/j5qow5
795,https://wallhaven.cc/w/831e5y
796,https://wallhaven.cc/w/2e5zo6
797,https://wallhaven.cc/w/dgmr93
798,https://wallhaven.cc/w/vgrg8m
799,https://wallhaven.cc/w/831kvk
800,https://wallhaven.cc/w/mdv719
801,https://wallhaven.cc/w/j5qooy
802,https://wallhaven.cc/w/wyvvlp
803,https://wallhaven.cc/w/vgrxel
804,https://wallhaven.cc/w/q6vyvq
805,https://wallhaven.cc/w/967ekx
806,https://wallhaven.cc/w/p8xwle
807,https://wallhaven.cc/w/5w8wq1
808,https://wallhaven.cc/w/j5qrly
809,https://wallhaven.cc/w/6kgx5q
810,https://wallhaven.cc/w/39ygmy
811,https://wallhaven.cc/w/13mdyg
812,https://wallhaven.cc/w/39y829
813,https://wallhaven.cc/w/kw6366
814,https://wallhaven.cc/w/j5qqww
815,https://wallhaven.cc/w/ymrqxg
816,https://wallhaven.cc/w/13w5lv
817,https://wallhaven.cc/w/p8vgd3
818,https://wallhaven.cc/w/j5q7ry
819,https://wallhaven.cc/w/lmv1er
820,https://wallhaven.cc/w/lm7kz2
821,https://wallhaven.cc/w/5w8yo1
822,https://wallhaven.cc/w/13mpp3
823,https://wallhaven.cc/w/5w8kg5
824,https://wallhaven.cc/w/39yer9
825,https://wallhaven.cc/w/lm7zjp
826,https://wallhaven.cc/w/5w8yy3
827,https://wallhaven.cc/w/39yvrd
828,https://wallhaven.cc/w/r25e67
829,https://wallhaven.cc/w/xl272z
830,https://wallhaven.cc/w/vgrxv8
831,https://wallhaven.cc/w/mdvok8
832,https://wallhaven.cc/w/ey1x5r
833,https://wallhaven.cc/w/wyv7p6
834,https://wallhaven.cc/w/r25lwm
835,https://wallhaven.cc/w/q6v78q
836,https://wallhaven.cc/w/831dgy
837,https://wallhaven.cc/w/73ox1e
838,https://wallhaven.cc/w/5wjv37
839,https://wallhaven.cc/w/p8x89e
840,https://wallhaven.cc/w/96yd6x
841,https://wallhaven.cc/w/2e59zy
842,https://wallhaven.cc/w/q682w7
843,https://wallhaven.cc/w/13w7ev
844,https://wallhaven.cc/w/r25lvq
845,https://wallhaven.cc/w/mdml3k
846,https://wallhaven.cc/w/lm7z7l
847,https://wallhaven.cc/w/r25egm
848,https://wallhaven.cc/w/ey1xjr
849,https://wallhaven.cc/w/73q19v
850,https://wallhaven.cc/w/j5q7vw
851,https://wallhaven.cc/w/39yp6d
852,https://wallhaven.cc/w/6kzmrl
853,https://wallhaven.cc/w/eypgzo
854,https://wallhaven.cc/w/967ejk
855,https://wallhaven.cc/w/lmvpdy
856,https://wallhaven.cc/w/r2z33q
857,https://wallhaven.cc/w/kw6887
858,https://wallhaven.cc/w/2ewjzg
859,https://wallhaven.cc/w/2e5kz6
860,https://wallhaven.cc/w/5wj9d8
861,https://wallhaven.cc/w/96ydr8
862,https://wallhaven.cc/w/eypj6w
863,https://wallhaven.cc/w/dgq65g
864,https://wallhaven.cc/w/kw63r6
865,https://wallhaven.cc/w/lm783r
866,https://wallhaven.cc/w/g8xoed
867,https://wallhaven.cc/w/kwvjlm
868,https://wallhaven.cc/w/wyvpy6
869,https://wallhaven.cc/w/xl2jpv
870,https://wallhaven.cc/w/2ew5p6
871,https://wallhaven.cc/w/xl256l
872,https://wallhaven.cc/w/967l9w
873,https://wallhaven.cc/w/6kzjox
874,https://wallhaven.cc/w/mdmpg9
875,https://wallhaven.cc/w/13wl9g
876,https://wallhaven.cc/w/5wj6z7
877,https://wallhaven.cc/w/ym33q7
878,https://wallhaven.cc/w/q68z1q
879,https://wallhaven.cc/w/eypkjk
880,https://wallhaven.cc/w/p8vm7p
881,https://wallhaven.cc/w/ymrq8g
882,https://wallhaven.cc/w/5wj161
883,https://wallhaven.cc/w/j5q2v5
884,https://wallhaven.cc/w/83626j
885,https://wallhaven.cc/w/vgrq9p
886,https://wallhaven.cc/w/6kgez6
887,https://wallhaven.cc/w/vgrmg5
888,https://wallhaven.cc/w/39eqq6
889,https://wallhaven.cc/w/xl2j7v
890,https://wallhaven.cc/w/6kggy7
891,https://wallhaven.cc/w/xl2elo
892,https://wallhaven.cc/w/13mq13
893,https://wallhaven.cc/w/39elev
894,https://wallhaven.cc/w/mdvm5k
895,https://wallhaven.cc/w/j5qpdw
896,https://wallhaven.cc/w/73q1k3
897,https://wallhaven.cc/w/xl2e2z
898,https://wallhaven.cc/w/oxvrq7
899,https://wallhaven.cc/w/kw69w7
900,https://wallhaven.cc/w/836vdj
901,https://wallhaven.cc/w/2e5yz9
902,https://wallhaven.cc/w/2ewqqy
903,https://wallhaven.cc/w/q683md
904,https://wallhaven.cc/w/73oygv
905,https://wallhaven.cc/w/ey13kw
906,https://wallhaven.cc/w/5wje59
907,https://wallhaven.cc/w/967j9w
908,https://wallhaven.cc/w/ey1zkl
909,https://wallhaven.cc/w/mdmq98
910,https://wallhaven.cc/w/g8xe3e
911,https://wallhaven.cc/w/zmrpjo
912,https://wallhaven.cc/w/2ewpy6
913,https://wallhaven.cc/w/39yj9v
914,https://wallhaven.cc/w/lmvlzl
915,https://wallhaven.cc/w/lmvvzq
916,https://wallhaven.cc/w/39e9ry
917,https://wallhaven.cc/w/j5q6gy
918,https://wallhaven.cc/w/oxelm9
919,https://wallhaven.cc/w/ym3wkg
920,https://wallhaven.cc/w/q68rrd
921,https://wallhaven.cc/w/8317zy
922,https://wallhaven.cc/w/dgqevo
923,https://wallhaven.cc/w/ym3rvx
924,https://wallhaven.cc/w/xl39gl
925,https://wallhaven.cc/w/dgq6pg
926,https://wallhaven.cc/w/xl3wdo
927,https://wallhaven.cc/w/mdvvl1
928,https://wallhaven.cc/w/oxe5q5
929,https://wallhaven.cc/w/vgrzd3
930,https://wallhaven.cc/w/oxv7vm
931,https://wallhaven.cc/w/kwvovq
932,https://wallhaven.cc/w/lm7kkr
933,https://wallhaven.cc/w/xl3y1z
934,https://wallhaven.cc/w/13wvxw
935,https://wallhaven.cc/w/ymre7x
936,https://wallhaven.cc/w/5wj837
937,https://wallhaven.cc/w/836z61
938,https://wallhaven.cc/w/mdmqr1
939,https://wallhaven.cc/w/r25x9q
940,https://wallhaven.cc/w/836862
941,https://wallhaven.cc/w/lmve7q
942,https://wallhaven.cc/w/967kyd
943,https://wallhaven.cc/w/q6vw8q
944,https://wallhaven.cc/w/ey187l
945,https://wallhaven.cc/w/r25mwm
946,https://wallhaven.cc/w/ey1818
947,https://wallhaven.cc/w/zmrzog
948,https://wallhaven.cc/w/oxveqm
949,https://wallhaven.cc/w/g8l52e
950,https://wallhaven.cc/w/vgvkd8
951,https://wallhaven.cc/w/2ew6oy
952,https://wallhaven.cc/w/ym3pzk
953,https://wallhaven.cc/w/39eogd
954,https://wallhaven.cc/w/wyv9ox
955,https://wallhaven.cc/w/5wjv51
956,https://wallhaven.cc/w/eypkll
957,https://wallhaven.cc/w/j5ox1p
958,https://wallhaven.cc/w/13mj79
959,https://wallhaven.cc/w/mdvoq1
960,https://wallhaven.cc/w/5wj6m5
961,https://wallhaven.cc/w/oxvowl
962,https://wallhaven.cc/w/vgrpwm
963,https://wallhaven.cc/w/39y723
964,https://wallhaven.cc/w/oxvell
965,https://wallhaven.cc/w/p8vzjj
966,https://wallhaven.cc/w/vgvjvm
967,https://wallhaven.cc/w/13mj33
968,https://wallhaven.cc/w/zm3jqv
969,https://wallhaven.cc/w/ymr7jk
970,https://wallhaven.cc/w/oxvq39
971,https://wallhaven.cc/w/dgqg9g
972,https://wallhaven.cc/w/g8l9ve
973,https://wallhaven.cc/w/39yy23
974,https://wallhaven.cc/w/73okj9
975,https://wallhaven.cc/w/967781
976,https://wallhaven.cc/w/q6vx9r
977,https://wallhaven.cc/w/967yq8
978,https://wallhaven.cc/w/g8x3pe
979,https://wallhaven.cc/w/g8l51e
980,https://wallhaven.cc/w/6kz27x
981,https://wallhaven.cc/w/wyr87p
982,https://wallhaven.cc/w/ymrxzx
983,https://wallhaven.cc/w/vgroxm
984,https://wallhaven.cc/w/q6vvr5
985,https://wallhaven.cc/w/xl2zwl
986,https://wallhaven.cc/w/ymrx8g
987,https://wallhaven.cc/w/eypg6r
988,https://wallhaven.cc/w/p8v6j9
989,https://wallhaven.cc/w/kwvym7
990,https://wallhaven.cc/w/2ewpxg
991,https://wallhaven.cc/w/xl21r3
992,https://wallhaven.cc/w/r25vgj
993,https://wallhaven.cc/w/kwvol6
994,https://wallhaven.cc/w/5wj2l3
995,https://wallhaven.cc/w/r2513j
996,https://wallhaven.cc/w/g8xrvq
997,https://wallhaven.cc/w/6kg3oq
998,https://wallhaven.cc/w/vgrg53
999,https://wallhaven.cc/w/dgmr2l
1000,https://wallhaven.cc/w/39e5ey
1001,https://wallhaven.cc/w/p8vz5p
1002,https://wallhaven.cc/w/q6vx1d
1003,https://wallhaven.cc/w/ey139k
1004,https://wallhaven.cc/w/oxvkv5
1005,https://wallhaven.cc/w/p8vmve
1006,https://wallhaven.cc/w/836q61
1007,https://wallhaven.cc/w/zm3j5j
1008,https://wallhaven.cc/w/zm33pv
1009,https://wallhaven.cc/w/wyr556
1010,https://wallhaven.cc/w/r2zoq7
1011,https://wallhaven.cc/w/p8vexm
1012,https://wallhaven.cc/w/lm797q
1013,https://wallhaven.cc/w/13w581
1014,https://wallhaven.cc/w/lm7wgp
1015,https://wallhaven.cc/w/ey1yok
1016,https://wallhaven.cc/w/j5q2qw
1017,https://wallhaven.cc/w/lm73m2
1018,https://wallhaven.cc/w/39ek6v
1019,https://wallhaven.cc/w/wyrl3x
1020,https://wallhaven.cc/w/r25vjw
1021,https://wallhaven.cc/w/wyv22q
1022,https://wallhaven.cc/w/73o5vo
1023,https://wallhaven.cc/w/ey1ezr
1024,https://wallhaven.cc/w/eypr6l
1025,https://wallhaven.cc/w/73q91v
1026,https://wallhaven.cc/w/p8xl53
1027,https://wallhaven.cc/w/r258zm
1028,https://wallhaven.cc/w/13wvgv
1029,https://wallhaven.cc/w/mdm3w8
1030,https://wallhaven.cc/w/2ewjym
1031,https://wallhaven.cc/w/r259z7
1032,https://wallhaven.cc/w/5wj913
1033,https://wallhaven.cc/w/dgm793
1034,https://wallhaven.cc/w/13m1g1
1035,https://wallhaven.cc/w/oxe5lp
1036,https://wallhaven.cc/w/zm32pj
1037,https://wallhaven.cc/w/lm782p
1038,https://wallhaven.cc/w/p8xlje
1039,https://wallhaven.cc/w/mdm1wk
1040,https://wallhaven.cc/w/j5qz7y
1041,https://wallhaven.cc/w/q6v13l
1042,https://wallhaven.cc/w/p8xlg3
1043,https://wallhaven.cc/w/kwvykd
1044,https://wallhaven.cc/w/831332
1045,https://wallhaven.cc/w/lmvexy
1046,https://wallhaven.cc/w/zmrm8g
1047,https://wallhaven.cc/w/p8v1vp
1048,https://wallhaven.cc/w/q6862d
1049,https://wallhaven.cc/w/6kzoyq
1050,https://wallhaven.cc/w/39yxv9
1051,https://wallhaven.cc/w/p8v65m
1052,https://wallhaven.cc/w/836l8j
1053,https://wallhaven.cc/w/13m1zw
1054,https://wallhaven.cc/w/96yxew
1055,https://wallhaven.cc/w/p8v1gm
1056,https://wallhaven.cc/w/39ymj9
1057,https://wallhaven.cc/w/mdmz28
1058,https://wallhaven.cc/w/dgm28l
1059,https://wallhaven.cc/w/j5q29q
1060,https://wallhaven.cc/w/73qjde
1061,https://wallhaven.cc/w/967e81
1062,https://wallhaven.cc/w/9671y1
1063,https://wallhaven.cc/w/oxey7p
1064,https://wallhaven.cc/w/kwvqy7
1065,https://wallhaven.cc/w/9673w1
1066,https://wallhaven.cc/w/q68z5l
1067,https://wallhaven.cc/w/p8x8ke
1068,https://wallhaven.cc/w/2e5e7g
1069,https://wallhaven.cc/w/9677r1
1070,https://wallhaven.cc/w/zm3wyo
1071,https://wallhaven.cc/w/6kzowx
1072,https://wallhaven.cc/w/73ovoo
1073,https://wallhaven.cc/w/831oq1
1074,https://wallhaven.cc/w/vgvrz8
1075,https://wallhaven.cc/w/j5qpqw
1076,https://wallhaven.cc/w/vgrm8m
1077,https://wallhaven.cc/w/xl3x23
1078,https://wallhaven.cc/w/zmrpmw
1079,https://wallhaven.cc/w/96y6xx
1080,https://wallhaven.cc/w/967eo1
1081,https://wallhaven.cc/w/2ewpjm
1082,https://wallhaven.cc/w/q6v5rq
1083,https://wallhaven.cc/w/6kgrqx
1084,https://wallhaven.cc/w/ym3p5d
1085,https://wallhaven.cc/w/13wm51
1086,https://wallhaven.cc/w/wyr1g7
1087,https://wallhaven.cc/w/5wjxe3
1088,https://wallhaven.cc/w/vgv738
1089,https://wallhaven.cc/w/r2zqqq
1090,https://wallhaven.cc/w/96yo6x
1091,https://wallhaven.cc/w/q68jpr
1092,https://wallhaven.cc/w/ym3wvx
1093,https://wallhaven.cc/w/xl25ro
1094,https://wallhaven.cc/w/wyvjl7
1095,https://wallhaven.cc/w/ey1e1o
1096,https://wallhaven.cc/w/kwvg2q
1097,https://wallhaven.cc/w/6kg9j6
1098,https://wallhaven.cc/w/vgrxo3
1099,https://wallhaven.cc/w/oxvqv7
1100,https://wallhaven.cc/w/oxv8w7
1101,https://wallhaven.cc/w/kwvmgq
1102,https://wallhaven.cc/w/6kzkd6
1103,https://wallhaven.cc/w/lm7mxq
1104,https://wallhaven.cc/w/j5q2rw
1105,https://wallhaven.cc/w/j5qj6p
1106,https://wallhaven.cc/w/q6vx8q
1107,https://wallhaven.cc/w/8362go
1108,https://wallhaven.cc/w/6kgew7
1109,https://wallhaven.cc/w/13m8ww
1110,https://wallhaven.cc/w/xl3xel
1111,https://wallhaven.cc/w/r2zozj
1112,https://wallhaven.cc/w/mdvkz9
1113,https://wallhaven.cc/w/lm7k7p
1114,https://wallhaven.cc/w/j5qjvw
1115,https://wallhaven.cc/w/831d1o
1116,https://wallhaven.cc/w/eypvwl
1117,https://wallhaven.cc/w/6kg1pw
1118,https://wallhaven.cc/w/r2zowj
1119,https://wallhaven.cc/w/lmvlwl
1120,https://wallhaven.cc/w/kw6kj1
1121,https://wallhaven.cc/w/13w6lv
1122,https://wallhaven.cc/w/83176j
1123,https://wallhaven.cc/w/ey1y7k
1124,https://wallhaven.cc/w/r2zo5j
1125,https://wallhaven.cc/w/8368ry
1126,https://wallhaven.cc/w/wyr6rr
1127,https://wallhaven.cc/w/dgmykj
1128,https://wallhaven.cc/w/6kgxv6
1129,https://wallhaven.cc/w/mdvo2m
1130,https://wallhaven.cc/w/6kg19x
1131,https://wallhaven.cc/w/oxedxm
1132,https://wallhaven.cc/w/831dwk
1133,https://wallhaven.cc/w/96y2yk
1134,https://wallhaven.cc/w/831d5y
1135,https://wallhaven.cc/w/kw6k61
1136,https://wallhaven.cc/w/j5okqp
1137,https://wallhaven.cc/w/eyp5pr
1138,https://wallhaven.cc/w/dgmyxo
1139,https://wallhaven.cc/w/96ydkk
1140,https://wallhaven.cc/w/967p8w
1141,https://wallhaven.cc/w/mdvjxk
1142,https://wallhaven.cc/w/kwvgkq
1143,https://wallhaven.cc/w/xl253d
1144,https://wallhaven.cc/w/r251y1
1145,https://wallhaven.cc/w/j5o8zw
1146,https://wallhaven.cc/w/xl3yd3
1147,https://wallhaven.cc/w/p8vz33
1148,https://wallhaven.cc/w/6kgxqx
1149,https://wallhaven.cc/w/dgqeym
1150,https://wallhaven.cc/w/lmvl7y
1151,https://wallhaven.cc/w/zm3k3j
